<wpml-config>
    <admin-texts>
        <key name="avada_theme_options">
            <key name="google_analytics" />
            <key name="space_head" />
            <key name="space_body" />
            <key name="header_number" />
            <key name="header_email" />
            <key name="header_tagline" />
            <key name="breacrumb_prefix" />
            <key name="footer_text" />
            <key name="blog_title" />
            <key name="portfolio_slug" />
            <key name="gmap_address" />
            <key name="email_address" />
            <key name="blog_subtitle" />
            <key name="date_format" />
            <key name="map_infobox_content" />
            <key name="sharing_social_tagline" />
        </key>
    </admin-texts>   
    <custom-types>
        <custom-type translate="1">themefusion_elastic</custom-type>
        <custom-type translate="1">slide</custom-type>
        <custom-type translate="1">layerslider</custom-type>
        <custom-type translate="1">revslider</custom-type>
        <custom-type translate="1">avada_faq</custom-type>
        <custom-type translate="1">avada_portfolio</custom-type>
    </custom-types>
    <taxonomies>
        <taxonomy translate="1">portfolio_category</taxonomy>
        <taxonomy translate="1">faq_category</taxonomy>
        <taxonomy translate="1">portfolio_skills</taxonomy>
        <taxonomy translate="1">portfolio_tags</taxonomy>
        <taxonomy translate="1">themefusion_es_groups</taxonomy>
        <taxonomy translate="1">slide-page</taxonomy>
    </taxonomies>
    <custom-fields>
        <custom-field action="copy-once">avada_post_views_count</custom-field>
        <custom-field action="copy-once">pyre_address</custom-field>
        <custom-field action="copy-once">pyre_caption_1</custom-field>
        <custom-field action="copy-once">pyre_caption_2</custom-field>
        <custom-field action="translate">pyre_copy_url</custom-field>
        <custom-field action="translate">pyre_copy_url_text</custom-field>
        <custom-field action="copy-once">pyre_displayed_menu</custom-field>
        <custom-field action="copy-once">pyre_display_copyright</custom-field>
        <custom-field action="copy-once">pyre_display_footer</custom-field>
        <custom-field action="copy-once">pyre_display_header</custom-field>
        <custom-field action="copy-once">pyre_elasticslider</custom-field>
        <custom-field action="copy-once">pyre_email</custom-field>
        <custom-field action="copy-once">pyre_fallback</custom-field>
        <custom-field action="copy-once">pyre_fimg_height</custom-field>
        <custom-field action="copy-once">pyre_fimg_width</custom-field>
        <custom-field action="copy-once">pyre_flexslider</custom-field>
        <custom-field action="copy-once">pyre_full_width</custom-field>
        <custom-field action="copy-once">pyre_gmap</custom-field>
        <custom-field action="copy-once">pyre_header_bg</custom-field>
        <custom-field action="copy-once">pyre_header_bg_color</custom-field>
        <custom-field action="copy-once">pyre_header_bg_full</custom-field>
        <custom-field action="copy-once">pyre_header_bg_repeat</custom-field>
        <custom-field action="copy-once">pyre_hundredp_padding</custom-field>
        <custom-field action="copy-once">pyre_image_rollover_icons</custom-field>
        <custom-field action="copy-once">pyre_link_icon_target</custom-field>
        <custom-field action="translate">pyre_link_icon_url</custom-field>
        <custom-field action="copy-once">pyre_main_bottom_padding</custom-field>
        <custom-field action="copy-once">pyre_main_top_padding</custom-field>
        <custom-field action="copy-once">pyre_overall_score</custom-field>
        <custom-field action="copy-once">pyre_page_bg</custom-field>
        <custom-field action="copy-once">pyre_page_bg_color</custom-field>
        <custom-field action="copy-once">pyre_page_bg_full</custom-field>
        <custom-field action="copy-once">pyre_page_bg_layout</custom-field>
        <custom-field action="copy-once">pyre_page_bg_repeat</custom-field>
        <custom-field action="copy-once">pyre_page_title</custom-field>
        <custom-field action="copy-once">pyre_page_title_bar_bg</custom-field>
        <custom-field action="copy-once">pyre_page_title_bar_bg_color</custom-field>
        <custom-field action="copy-once">pyre_page_title_bar_bg_full</custom-field>
        <custom-field action="copy-once">pyre_page_title_bar_bg_retina</custom-field>
        <custom-field action="copy-once">pyre_page_title_bg_parallax</custom-field>
        <custom-field action="copy-once">pyre_page_title_custom_subheader</custom-field>
        <custom-field action="translate">pyre_page_title_custom_text</custom-field>
        <custom-field action="copy-once">page_title_text_size</custom-field>
        <custom-field action="copy-once">page_title_text_alignment</custom-field>
        <custom-field action="copy-once">page_title_custom_subheader_text_size</custom-field>
        <custom-field action="copy-once">page_title_breadcrumbs_search_bar</custom-field>
        <custom-field action="copy-once">pyre_page_title_text</custom-field>
        <custom-field action="copy-once">pyre_phone</custom-field>
        <custom-field action="copy-once">pyre_portfolio_category</custom-field>
        <custom-field action="copy-once">pyre_portfolio_excerpt</custom-field>
        <custom-field action="copy-once">pyre_portfolio_filters</custom-field>
        <custom-field action="copy-once">pyre_portfolio_full_width</custom-field>
        <custom-field action="copy-once">pyre_portfolio_sidebar_position</custom-field>
        <custom-field action="copy-once">pyre_portfolio_width_100</custom-field>
        <custom-field action="copy-once">pyre_project_desc_title</custom-field>
        <custom-field action="copy-once">pyre_project_details</custom-field>
        <custom-field action="copy-once">pyre_project_url</custom-field>
        <custom-field action="translate">pyre_project_url_text</custom-field>
        <custom-field action="copy-once">pyre_related_posts</custom-field>
        <custom-field action="copy-once">pyre_revslider</custom-field>
        <custom-field action="copy-once">pyre_show_first_featured_image</custom-field>
        <custom-field action="copy-once">pyre_sidebar</custom-field>
        <custom-field action="copy-once">pyre_sidebar_position</custom-field>
        <custom-field action="copy-once">pyre_slider</custom-field>
        <custom-field action="copy-once">pyre_slider_position</custom-field>
        <custom-field action="copy-once">pyre_slider_type</custom-field>
        <custom-field action="copy-once">pyre_transparent_header</custom-field>
        <custom-field action="translate">pyre_video</custom-field>
        <custom-field action="translate">pyre_video_url</custom-field>
        <custom-field action="copy-once">pyre_wide_page_bg</custom-field>
        <custom-field action="copy-once">pyre_wide_page_bg_color</custom-field>
        <custom-field action="copy-once">pyre_wide_page_bg_full</custom-field>
        <custom-field action="copy-once">pyre_wide_page_bg_repeat</custom-field>
        <custom-field action="copy-once">pyre_width</custom-field>
        <custom-field action="copy-once">pyre_wooslider</custom-field>
        <custom-field action="copy-once">sbg_selected_sidebar</custom-field>
        <custom-field action="copy-once">sbg_selected_sidebar_replacement</custom-field>
        <custom-field action="copy-once">sbg_selected_sidebar_2</custom-field>
        <custom-field action="copy-once">sbg_selected_sidebar_2_replacement</custom-field>        
        <custom-field action="copy-once">slide_template</custom-field>
        <custom-field action="copy-once">pyre_avada_rev_styles</custom-field>
        <custom-field action="copy-once">pyre_footer_100_width</custom-field>
        <custom-field action="copy-once">pyre_header_100_width</custom-field>
        <custom-field action="copy-once">pyre_page_title_100_width</custom-field>
        <custom-field action="copy-once">pyre_page_title_breadcrumbs_search_bar</custom-field>
        <custom-field action="copy-once">pyre_page_title_text_alignment</custom-field>
    </custom-fields>
    <shortcodes>
        <shortcode>
            <tag>fusion_alert</tag>
        </shortcode>
        <shortcode>
            <tag>fusion_blog</tag>
            <attributes>
                <attribute>title_link</attribute>
            </attributes>
        </shortcode>
        <shortcode>
            <tag>fusion_button</tag>
            <attributes>
                <attribute>link</attribute>
                <attribute>title</attribute>
            </attributes>
        </shortcode>
        <shortcode>
            <tag>fusion_checklist</tag>
        </shortcode>
        <shortcode>
            <tag>fusion_li_item</tag>
        </shortcode>
        <shortcode>
            <tag>fusion_code</tag>
        </shortcode>
        <shortcode>
            <tag>fusion_builder_row</tag>
        </shortcode>
        <shortcode>
            <tag>fusion_builder_column</tag>
            <attributes>
                <attribute>background_image</attribute>
                <attribute>link</attribute>
            </attributes>
        </shortcode>
        <shortcode>
            <tag>fusion_builder_column</tag>
            <attributes>
                <attribute>background_image</attribute>
                <attribute>link</attribute>
            </attributes>
        </shortcode>
        <shortcode>
            <tag>fusion_builder_container</tag>
            <attributes>
                <attribute>menu_anchor</attribute>
                <attribute>background_image</attribute>
                <attribute>video_mp4</attribute>
                <attribute>video_url</attribute>
                <attribute>video_preview_image</attribute>
            </attributes>
        </shortcode>
        <shortcode>
            <tag>fusion_builder_container</tag>
            <attributes>
                <attribute>menu_anchor</attribute>
                <attribute>background_image</attribute>
                <attribute>video_mp4</attribute>
                <attribute>video_url</attribute>
                <attribute>video_preview_image</attribute>
            </attributes>
        </shortcode>
        <shortcode>
            <tag>fusion_content_boxes</tag>
        </shortcode>
        <shortcode>
            <tag>fusion_content_box</tag>
            <attributes>
                <attribute>title</attribute>
                <attribute>image</attribute>
                <attribute>link</attribute>
                <attribute>linktext</attribute>
            </attributes>
        </shortcode>
        <shortcode>
            <tag>fusion_countdown</tag>
            <attributes>
                <attribute>heading_text</attribute>
                <attribute>subheading_text</attribute>
                <attribute>link_url</attribute>
                <attribute>link_text</attribute>
                <attribute>background_image</attribute>
            </attributes>
        </shortcode>
        <shortcode>
            <tag>fusion_counters_box</tag>
        </shortcode>
        <shortcode>
            <tag>fusion_counter_box</tag>
        </shortcode>
        <shortcode>
            <tag>fusion_counters_circle</tag>
        </shortcode>
        <shortcode>
            <tag>fusion_counter_circle</tag>
        </shortcode>
        <shortcode>
            <tag>fusion_dropcap</tag>
        </shortcode>
        <shortcode>
            <tag>fusion_events</tag>
            <attributes>
                <attribute>cat_slug</attribute>
            </attributes>
        </shortcode>
        <shortcode>
            <tag>fusion_faq</tag>
            <attributes>
                <attribute>featured_image</attribute>
                <attribute>cats_slug</attribute>
                <attribute>exclude_cats</attribute>
            </attributes>
        </shortcode>
        <shortcode>
            <tag>fusion_flip_boxes</tag>
        </shortcode>
        <shortcode>
            <tag>fusion_flip_box</tag>
            <attributes>
                <attribute>title_front</attribute>
                <attribute>title_back</attribute>
                <attribute>text_front</attribute>
                <attribute>image</attribute>
            </attributes>
        </shortcode>
        <shortcode>
            <tag>fusion_fontawesome</tag>
        </shortcode>
        <shortcode>
            <tag>fusion_fusionslider</tag>
        </shortcode>
        <shortcode>
            <tag>fusion_map</tag>
            <attributes>
                <attribute>address</attribute>
                <attribute>infobox_content</attribute>
                <attribute>infobox</attribute>
            </attributes>
        </shortcode>
        <shortcode>
            <tag>fusion_images</tag>
        </shortcode>
        <shortcode>
            <tag>fusion_image</tag>
            <attributes>
                <attribute>link</attribute>
                <attribute>image</attribute>
                <attribute>alt</attribute>
            </attributes>
        </shortcode>
        <shortcode>
            <tag>fusion_imageframe</tag>
            <attributes>
                <attribute>image_id</attribute>
                <attribute>gallery_id</attribute>
                <attribute>lightbox_image</attribute>
                <attribute>alt</attribute>
                <attribute>link</attribute>
            </attributes>
        </shortcode>
        <shortcode>
            <tag>layerslider</tag>
        </shortcode>
         <shortcode>
            <tag>fusion_lightbox</tag>
            <attributes>
                <attribute>title</attribute>
                <attribute>href</attribute>
                <attribute>data-rel</attribute>
                <attribute>img src</attribute>
                <attribute>alt</attribute>
            </attributes>
        </shortcode>
        <shortcode>
            <tag>fusion_menu_anchor</tag>
        </shortcode>
        <shortcode>
            <tag>fusion_modal</tag>
            <attributes>
                <attribute>title</attribute>
            </attributes>
        </shortcode>
        <shortcode>
            <tag>fusion_modal_text_link</tag>
        </shortcode>
        <shortcode>
            <tag>fusion_one_page_text_link</tag>
            <attributes>
                <attribute>link</attribute>
            </attributes>
        </shortcode>
        <shortcode>
            <tag>fusion_person</tag>
            <attributes>
                <attribute>name</attribute>
                <attribute>title</attribute>
                <attribute>picture</attribute>
                <attribute>pic_link</attribute>
                <attribute>email</attribute>
                <attribute>social links</attribute>
            </attributes>
        </shortcode>
        <shortcode>
            <tag>fusion_popover</tag>
            <attributes>
                <attribute>title</attribute>
                <attribute>content</attribute>
            </attributes>
        </shortcode>
        <shortcode>
            <tag>fusion_popover</tag>
            <attributes>
                <attribute>title</attribute>
                <attribute>content</attribute>
            </attributes>
        </shortcode>
        <shortcode>
            <tag>fusion_portfolio</tag>
            <attributes>
                <attribute>cat_slug</attribute>
                <attribute>exclude_cats</attribute>
            </attributes>
        </shortcode>
        <shortcode>
            <tag>fusion_postslider</tag>
            <attributes>
                <attribute>excerpt</attribute>
                <attribute>category</attribute>
            </attributes>
        </shortcode>
        <shortcode>
            <tag>fusion_pricing_table</tag>
        </shortcode>
        <shortcode>
            <tag>fusion_pricing_column</tag>
            <attributes>
                <attribute>title</attribute>
            </attributes>
        </shortcode>
        <shortcode>
            <tag>fusion_pricing_price</tag>
            <attributes>
                <attribute>currency</attribute>
                <attribute>price</attribute>
                <attribute>time</attribute>
            </attributes>
        </shortcode>
        <shortcode>
            <tag>fusion_pricing_row</tag>
        </shortcode>
        <shortcode>
            <tag>fusion_pricing_footer</tag>
        </shortcode>
        <shortcode>
            <tag>fusion_progress</tag>
        </shortcode>
        <shortcode>
            <tag>fusion_recent_posts</tag>
            <attributes>
                <attribute>cat_slug</attribute>
                <attribute>exclude_cats</attribute>
            </attributes>
        </shortcode>
        <shortcode>
            <tag>rev_slider</tag>
        </shortcode>
        <shortcode>
            <tag>fusion_section_separator</tag>
        </shortcode>
        <shortcode>
            <tag>fusion_separator</tag>
        </shortcode>
        <shortcode>
            <tag>fusion_sharing</tag>
            <attributes>
                <attribute>tagline</attribute>
                <attribute>title</attribute>
                <attribute>link</attribute>
                <attribute>description</attribute>
                <attribute>pinterest_image</attribute>
            </attributes>
        </shortcode>
        <shortcode>
            <tag>fusion_slider</tag>
        </shortcode>
        <shortcode>
            <tag>fusion_slide</tag>
            <attributes>
                <attribute>link</attribute>
            </attributes>
        </shortcode>
        <shortcode>
            <tag>fusion_social_links</tag>
        </shortcode>
        <shortcode>
            <tag>fusion_soundcloud</tag>
            <attributes>
                <attribute>url</attribute>
            </attributes>
        </shortcode>
        <shortcode>
            <tag>fusion_soundcloud</tag>
            <attributes>
                <attribute>url</attribute>
            </attributes>
        </shortcode>
        <shortcode>
            <tag>fusion_tabs</tag>
        </shortcode>
        <shortcode>
            <tag>fusion_tab</tag>
            <attributes>
                <attribute>title</attribute>
            </attributes>
        </shortcode>
        <shortcode>
            <tag>fusion_tagline_box</tag>
            <attributes>
                <attribute>link</attribute>
                <attribute>title</attribute>
                <attribute>description</attribute>
            </attributes>
        </shortcode>
        <shortcode>
            <tag>fusion_testimonials</tag>
        </shortcode>
        <shortcode>
            <tag>fusion_testimonial</tag>
            <attributes>
                <attribute>name</attribute>
                <attribute>image</attribute>
                <attribute>company</attribute>
                <attribute>link</attribute>
            </attributes>
        </shortcode>
        <shortcode>
            <tag>fusion_text</tag>
        </shortcode>
        <shortcode>
            <tag>fusion_title</tag>
        </shortcode>
        <shortcode>
            <tag>fusion_accordion</tag>
        </shortcode>
         <shortcode>
            <tag>fusion_toggle</tag>
            <attributes>
                <attribute>title</attribute>
            </attributes>
        </shortcode>
        <shortcode>
            <tag>fusion_tooltip</tag>
            <attributes>
                <attribute>title</attribute>
            </attributes>
        </shortcode>
        <shortcode>
            <tag>fusion_login</tag>
            <attributes>
                <attribute>heading</attribute>
                <attribute>caption</attribute>
                <attribute>redirection_link</attribute>
                <attribute>register_link</attribute>
                <attribute>lost_password_link</attribute>
            </attributes>
        </shortcode>
        <shortcode>
            <tag>fusion_lost_password</tag>
            <attributes>
                <attribute>heading</attribute>
                <attribute>caption</attribute>
                <attribute>redirection_link</attribute>
            </attributes>
        </shortcode>
        <shortcode>
            <tag>fusion_register</tag>
            <attributes>
                <attribute>heading</attribute>
                <attribute>caption</attribute>
                <attribute>redirection_link</attribute>
            </attributes>
        </shortcode>
        <shortcode>
            <tag>fusion_vimeo</tag>
            <attributes>
                <attribute>id</attribute>
            </attributes>
        </shortcode>
        <shortcode>
            <tag>fusion_widget_area</tag>
            <attributes>
                <attribute>name</attribute>
            </attributes>
        </shortcode>
        <shortcode>
            <tag>fusion_products_slider</tag>
            <attributes>
                <attribute>cat_slug</attribute>
            </attributes>
        </shortcode>
        <shortcode>
            <tag>fusion_featured_products_slider</tag>
        </shortcode>
        <shortcode>
            <tag>fusion_youtube</tag>
            <attributes>
                <attribute>id</attribute>
            </attributes>
        </shortcode>
    </shortcodes>
</wpml-config>